{"graph": {"_type": "graph-file", "path": "media/graph/graph_summary_ff2f42ad0ce769e026b8.graph.json", "sha256": "ff2f42ad0ce769e026b894f88d197b096cf2f5b27f06bd7f9917e67949f33013", "size": 493}, "epoch": 19, "_timestamp": 1648509527, "_runtime": 17454, "loss": 0.00693281227722764, "val_loss": 0.006937748286873102, "_step": 19, "best_val_loss": 0.006935529410839081, "best_epoch": 17, "_wandb": {"runtime": 19127}}