{"graph": {"_type": "graph-file", "path": "media/graph/graph_summary_ff2f42ad0ce769e026b8.graph.json", "sha256": "ff2f42ad0ce769e026b894f88d197b096cf2f5b27f06bd7f9917e67949f33013", "size": 493}, "epoch": 19, "_timestamp": 1648563510, "_runtime": 16715, "loss": 0.006932356394827366, "val_loss": 0.006936038378626108, "_step": 19, "best_val_loss": 0.006935467012226582, "best_epoch": 18, "_wandb": {"runtime": 17923}}